{"aiRatingEnabled":true,"allowedDomains":[],"buttonStyle":"greeting","color":"#1233df","color2":null,"colorGradient":true,"consentModeEnabled":false,"customBrandingEnabled":false,"customBrandingLink":"","customBrandingText":"","emailControl":true,"features":{"api":false,"customize":false,"ga":false,"groups":false,"rating":false,"whiteLabel":false},"googleAnalyticsEnabled":false,"googleAnalyticsManual":false,"googleAnalyticsMeasurementIds":[],"groupSelectEnabled":false,"hideOfflineChat":false,"hideWidget":false,"host":"websocket-visitors.smartsupp.com","internalAnalyticsEnabled":false,"isBlocked":false,"lang":"en","mobilePopupsEnabled":true,"nameControl":true,"numberControl":false,"openOnTrigger":false,"orientation":"right","packageName":"free","popupTextareaEnabled":false,"privacyNoticeCheckRequired":false,"privacyNoticeEnabled":true,"privacyNoticeUrl":"","ratingEnabled":false,"requireLogin":false,"translates":{},"urlCardsEnabled":true,"widgetVersion":3,"hasInternalApi":false,"config":{},"browserLang":"en","widgetTrackerUrl":"https://widget-tracker.smartsupp.com","translationsBaseUrl":"https://translations.smartsuppcdn.com","widgetTrackerEnabled":false}